,City,Latitude,Longitude,Wind Speed (MPH),Temperature (F),Humidity (%),Cloudiness (%),Date (Unix),Country
0,arraial do cabo,-22.97,-42.03,3.36,82.35,62,75,1508698800.0,BR
1,hobart,-42.88,147.33,9.17,57.2,67,75,1508702400.0,AU
2,carnarvon,-24.87,113.63,15.23,66.36,100,20,1508703251.0,AU
3,kandrian,-6.22,149.55,2.71,78.33,92,36,1508703252.0,PG
4,punta arenas,-53.15,-70.92,25.28,59,44,75,1508698800.0,CL
5,mys shmidta,47.75,38.03,8.63,35.4,97,0,1508703252.0,UA
6,mataura,27.5,77.68,2.37,69.87,46,0,1508703252.0,IN
7,chokurdakh,70.63,147.92,10.87,-2.58,74,64,1508703252.0,RU
8,ajdabiya,30.76,20.23,9.42,66.81,63,0,1508703252.0,LY
9,ushuaia,-54.8,-68.3,26.4,59,41,40,1508698800.0,AR
10,caravelas,-17.71,-39.25,19.48,77.52,100,8,1508703252.0,BR
11,hofn,64.25,-15.21,17.13,48.18,95,92,1508703252.0,IS
12,lolua,60.21,24.65,5.82,32,100,0,1508701800.0,FI
13,henties bay,-22.12,14.28,5.28,55.25,100,36,1508703252.0,NA
14,puerto colombia,10.99,-74.95,8.05,89.6,70,75,1508698800.0,CO
15,chokurdakh,70.63,147.92,10.87,-2.58,74,64,1508703252.0,RU
16,vokhtoga,58.81,41.05,3.6,27.3,93,88,1508703252.0,RU
17,lata,40.16,-8.33,4.7,55.4,87,0,1508702400.0,PT
18,zvenigovo,55.97,48.02,8.95,28.4,86,75,1508700600.0,RU
19,thompson,55.74,-97.86,12.75,33.8,100,90,1508702400.0,CA
20,baykit,61.67,96.37,3.04,21.18,86,80,1508703252.0,RU
21,chokurdakh,70.63,147.92,10.87,-2.58,74,64,1508703252.0,RU
22,ecoporanga,-18.37,-40.83,13,87.47,40,0,1508703252.0,BR
23,iguape,-24.71,-47.56,7.18,69.51,100,92,1508703252.0,BR
24,punta arenas,-53.15,-70.92,25.28,59,44,75,1508698800.0,CL
25,caravelas,-17.71,-39.25,19.48,77.52,100,8,1508703252.0,BR
26,geraldton,-28.77,114.6,9.17,66.2,82,90,1508702400.0,AU
27,churachandpur,24.33,93.67,1.36,66.09,97,80,1508703253.0,IN
28,acarau,-2.89,-40.12,20.71,83.87,54,0,1508703253.0,BR
29,sorland,67.67,12.69,11.41,42.8,60,0,1508701800.0,NO
30,barrow,71.29,-156.79,18.34,26.6,92,90,1508702280.0,US
31,olafsvik,64.89,-23.71,22.73,45.57,100,92,1508703253.0,IS
32,freeport,40.66,-73.58,9.17,72.27,49,1,1508702160.0,US
33,zilair,52.23,57.44,2.71,25.82,91,80,1508703253.0,RU
34,tiksi,71.69,128.87,2.93,-13.38,61,12,1508703253.0,RU
35,provideniya,64.38,-173.3,17.36,30.77,100,8,1508703253.0,RU
36,ostrovnoy,68.05,39.51,13.44,33.69,93,88,1508703253.0,RU
37,thompson,55.74,-97.86,12.75,33.8,100,90,1508702400.0,CA
38,qaanaaq,77.48,-69.36,7.63,15.2,100,48,1508703253.0,GL
39,antofagasta,-23.65,-70.4,16.11,60.8,72,20,1508698800.0,CL
40,yerbogachen,61.28,108.01,5.17,27.21,97,88,1508703253.0,RU
41,coihaique,-45.58,-72.07,4.7,53.6,58,75,1508698800.0,CL
42,kapaa,22.08,-159.32,3.15,78.42,88,75,1508698560.0,US
43,moses lake,47.13,-119.28,13.87,59.05,47,1,1508701980.0,US
44,broome,-17.97,122.23,4.7,78.8,88,0,1508702400.0,AU
45,ushuaia,-54.8,-68.3,26.4,59,41,40,1508698800.0,AR
46,belushya guba,69.71,60.05,19.04,34.68,100,80,1508703254.0,RU
47,vaini,-21.2,-175.2,9.17,77,65,20,1508702400.0,TO
48,cape town,-33.93,18.42,16.11,60.8,82,0,1508698800.0,ZA
49,rikitea,-23.12,-134.97,15.79,71.4,100,20,1508703254.0,PF
50,ushuaia,-54.8,-68.3,26.4,59,41,40,1508698800.0,AR
51,nizhneyansk,55.64,51.82,2.82,30.2,80,20,1508700600.0,RU
52,rikitea,-23.12,-134.97,15.79,71.4,100,20,1508703254.0,PF
53,albany,42.65,-73.76,8.05,73.74,38,75,1508702040.0,US
54,hermanus,-34.42,19.23,3.15,49.89,94,0,1508703254.0,ZA
55,shenjiamen,29.96,122.3,21.05,68.07,98,24,1508703254.0,CN
56,belushya guba,69.71,60.05,19.04,34.68,100,80,1508703254.0,RU
57,monterey,36.6,-121.89,10.29,69.48,52,1,1508700900.0,US
58,cape town,-33.93,18.42,16.11,60.8,82,0,1508698800.0,ZA
59,kovur,14.48,79.98,2.93,74.37,80,12,1508703254.0,IN
60,puerto guzman,0.97,-76.59,0.25,59.97,100,92,1508703254.0,CO
61,cidreira,-30.18,-50.21,16.69,60.69,71,0,1508703254.0,BR
62,chokurdakh,70.63,147.92,10.87,-2.58,74,64,1508703252.0,RU
63,calama,-22.47,-68.93,23.04,78.8,4,0,1508698800.0,CL
64,muzhi,65.37,64.67,12.77,29.46,91,76,1508703255.0,RU
65,illoqqortoormiut,38.53,-28.64,8.05,69.8,94,20,1508702400.0,PT
66,srednekolymsk,67.45,153.68,2.59,-0.33,66,64,1508703255.0,RU
67,saint-philippe,-21.36,55.77,4.7,71.73,64,0,1508700600.0,RE
68,bethel,41.37,-73.41,9.17,74.52,35,1,1508702160.0,US
69,guerrero negro,27.98,-114.06,4.27,89,37,0,1508703255.0,MX
70,kurilsk,45.23,147.88,23.06,43.59,100,100,1508703255.0,RU
71,hasaki,35.73,140.83,35.57,70.72,100,75,1508701140.0,JP
72,east london,-33.02,27.91,11.77,69.02,98,0,1508703255.0,ZA
73,kapaa,22.08,-159.32,3.15,78.42,88,75,1508698560.0,US
74,port alfred,-33.59,26.89,6.62,66.36,93,92,1508703255.0,ZA
75,leningradskiy,69.38,178.42,21.61,31.8,100,88,1508703255.0,RU
76,sarangani,5.4,125.46,13.44,84.45,100,8,1508703255.0,PH
77,hurghada,27.26,33.81,4.7,75.2,57,0,1508698800.0,EG
78,arraial do cabo,-22.97,-42.03,3.36,82.35,62,75,1508698800.0,BR
79,kodiak,57.79,-152.41,4.7,35.6,69,1,1508701980.0,US
80,zeya,53.75,127.27,0.69,6.87,82,0,1508703255.0,RU
81,rikitea,-23.12,-134.97,15.79,71.4,100,20,1508703254.0,PF
82,beringovskiy,63.05,179.32,28.66,25.55,100,44,1508703256.0,RU
83,bluff,-46.6,168.33,12.33,48.45,100,92,1508703256.0,NZ
84,albany,42.65,-73.76,8.05,73.74,38,75,1508702040.0,US
85,taolanaro,-25.02,46.97,24.16,75.2,88,20,1508698800.0,MG
86,tarudant,32.77,-97.3,17.22,73.15,27,1,1508702100.0,US
87,garwa,24.18,83.82,3.15,66.99,68,0,1508703256.0,IN
88,tazovskiy,67.47,78.7,8.19,30.14,97,92,1508703256.0,RU
89,airai,60.62,22.58,1.12,32,99,56,1508701800.0,FI
90,mataura,27.5,77.68,2.37,69.87,46,0,1508703252.0,IN
91,pilar,-9.6,-35.96,10.29,80.6,61,40,1508698800.0,BR
92,kapaa,22.08,-159.32,3.15,78.42,88,75,1508698560.0,US
93,bethel,41.37,-73.41,9.17,74.52,35,1,1508702160.0,US
94,cape town,-33.93,18.42,16.11,60.8,82,0,1508698800.0,ZA
95,illoqqortoormiut,38.53,-28.64,8.05,69.8,94,20,1508702400.0,PT
96,castro,-24.79,-50.01,4.16,65.19,88,100,1508703256.0,BR
97,vysokogornyy,50.12,139.15,5.73,20.91,63,0,1508703256.0,RU
98,cherskiy,68.75,161.3,6.06,0.39,64,0,1508703256.0,RU
99,saint anthony,45.02,-93.22,10.29,62.24,27,5,1508702400.0,US
100,hermanus,-34.42,19.23,3.15,49.89,94,0,1508703254.0,ZA
101,tuktoyaktuk,69.45,-133.04,9.17,26.6,100,90,1508702400.0,CA
102,atuona,-9.8,-139.03,11.88,80.45,100,0,1508703257.0,PF
103,rundu,-17.93,19.77,6.93,80.6,47,12,1508698800.0,NA
104,cidreira,-30.18,-50.21,16.69,60.69,71,0,1508703254.0,BR
105,saint george,37.1,-113.58,3.27,68,14,1,1508702160.0,US
106,kruisfontein,-34,24.73,7.4,63.17,96,92,1508703257.0,ZA
107,saint-philippe,-21.36,55.77,4.7,71.73,64,0,1508700600.0,RE
108,albany,42.65,-73.76,8.05,73.74,38,75,1508702040.0,US
109,zhanatas,43.57,69.75,3.38,38.15,92,0,1508703257.0,KZ
110,khatanga,71.97,102.5,1.25,12.72,90,92,1508703257.0,RU
111,ponta delgada,37.73,-25.67,12.75,69.8,88,75,1508702400.0,PT
112,batemans bay,-35.72,150.18,3.15,53.54,100,0,1508703257.0,AU
113,rikitea,-23.12,-134.97,15.79,71.4,100,20,1508703254.0,PF
114,ketchikan,55.34,-131.65,10.29,49.39,87,90,1508702160.0,US
115,tasiilaq,65.61,-37.64,6.93,35.6,69,0,1508701800.0,GL
116,pedro juan caballero,-22.55,-55.73,9.17,66.2,93,90,1508698800.0,PY
117,provideniya,64.38,-173.3,17.36,30.77,100,8,1508703253.0,RU
118,khatanga,71.97,102.5,1.25,12.72,90,92,1508703257.0,RU
119,tonneins,44.39,0.31,5.82,51.67,71,75,1508702400.0,FR
120,praia,14.92,-23.51,21.92,82.4,65,20,1508698800.0,CV
121,victoria,48.43,-123.37,4.7,57.52,76,75,1508702400.0,CA
122,hirara,24.8,125.28,23.29,79.1,100,56,1508703258.0,JP
123,commerce,34,-118.16,4.7,88.83,11,1,1508702280.0,US
124,rikitea,-23.12,-134.97,15.79,71.4,100,20,1508703254.0,PF
125,anadyr,64.75,177.48,13.42,17.6,78,75,1508700600.0,RU
126,jamestown,42.1,-79.24,8.05,74.61,46,1,1508702160.0,US
127,bluff,-46.6,168.33,12.33,48.45,100,92,1508703256.0,NZ
128,cherskiy,68.75,161.3,6.06,0.39,64,0,1508703256.0,RU
129,cape town,-33.93,18.42,16.11,60.8,82,0,1508698800.0,ZA
130,saint-philippe,-21.36,55.77,4.7,71.73,64,0,1508700600.0,RE
131,lagoa,39.05,-27.98,24.18,71.76,95,32,1508703258.0,PT
132,hami,42.8,93.45,2.04,36.48,56,8,1508703258.0,CN
133,sikeston,36.88,-89.59,12.75,72.97,78,75,1508703300.0,US
134,tiksi,71.69,128.87,2.93,-13.38,61,12,1508703253.0,RU
135,butaritari,3.07,172.79,9.86,83.01,100,44,1508703258.0,KI
136,sembabule,-0.08,31.46,2.82,64.83,92,12,1508703258.0,UG
137,bluff,-46.6,168.33,12.33,48.45,100,92,1508703256.0,NZ
138,east london,-33.02,27.91,11.77,69.02,98,0,1508703255.0,ZA
139,kavieng,-2.57,150.8,6.96,84.36,100,8,1508703258.0,PG
140,enid,36.4,-97.88,7.29,68.58,34,1,1508702160.0,US
141,dikson,73.51,80.55,23.51,23.52,100,20,1508703258.0,RU
142,abu jubayhah,27.01,49.66,4.7,78.8,65,0,1508698800.0,SA
143,ondarroa,43.32,-2.42,3.36,54.16,93,75,1508702400.0,ES
144,ushuaia,-54.8,-68.3,26.4,59,41,40,1508698800.0,AR
145,ihosy,-22.4,46.12,5.73,61.82,84,0,1508703259.0,MG
146,severomuysk,56.15,113.43,1.92,5.84,84,24,1508703259.0,RU
147,mataura,27.5,77.68,2.37,69.87,46,0,1508703252.0,IN
148,bengkulu,-3.8,102.27,5.17,80.22,100,80,1508703259.0,ID
149,pevek,69.7,170.31,13.22,23.34,100,48,1508703259.0,RU
150,nishihara,26.18,127.76,14.99,75.2,69,75,1508702340.0,JP
151,ducheng,23.24,111.53,3.15,55.79,89,0,1508703259.0,CN
152,ushuaia,-54.8,-68.3,26.4,59,41,40,1508698800.0,AR
153,hilo,19.73,-155.09,5.82,80.6,74,20,1508698380.0,US
154,barentsburg,52.62,8.8,8.05,49.57,93,20,1508701800.0,DE
155,kapaa,22.08,-159.32,3.15,78.42,88,75,1508698560.0,US
156,vaini,-21.2,-175.2,9.17,77,65,20,1508702400.0,TO
157,katsuura,35.13,140.3,53.02,73.4,88,75,1508701680.0,JP
158,hailar,49.2,119.7,6.4,17,56,0,1508703259.0,CN
159,mar del plata,-38,-57.56,6.93,55.4,50,0,1508698800.0,AR
160,puerto ayora,-0.74,-90.35,8.05,73.4,73,75,1508698800.0,EC
161,hobyo,5.35,48.53,9.42,77.12,93,48,1508703259.0,SO
162,skjervoy,70.03,20.97,13.87,37.4,59,0,1508701800.0,NO
163,muncie,40.19,-85.39,17.22,76.89,50,1,1508701020.0,US
164,ponta do sol,32.67,-17.1,12.75,69.8,68,40,1508702400.0,PT
165,alice springs,-23.7,133.88,4.7,50,29,12,1508702400.0,AU
166,kailua,21.4,-157.74,3.36,80.13,74,90,1508701020.0,US
167,vila velha,-20.33,-40.29,29.97,82.4,69,0,1508698800.0,BR
168,leningradskiy,69.38,178.42,21.61,31.8,100,88,1508703255.0,RU
169,hit,33.64,42.83,3.38,60.51,44,0,1508703260.0,IQ
170,rikitea,-23.12,-134.97,15.79,71.4,100,20,1508703254.0,PF
171,sinnamary,5.38,-52.95,4.5,78.42,100,56,1508703260.0,GF
172,middleton,53.55,-2.2,4.7,50.92,81,75,1508701800.0,GB
173,digapahandi,19.37,84.58,3.71,72.8,94,32,1508703260.0,IN
174,karmana,40.08,65.38,4.94,39.99,78,0,1508703260.0,UZ
175,kloulklubed,7.04,134.26,5.82,82.35,79,75,1508698200.0,PW
176,kemijarvi,66.67,27.42,4.72,29.37,100,32,1508703260.0,FI
177,ribeira grande,38.52,-28.7,8.05,69.8,94,20,1508702400.0,PT
178,ushuaia,-54.8,-68.3,26.4,59,41,40,1508698800.0,AR
179,puerto escondido,15.85,-97.07,5.82,89.6,70,5,1508697900.0,MX
180,sept-iles,50.2,-66.38,6.93,37.4,55,75,1508698800.0,CA
181,amderma,69.75,61.65,15.46,32.34,91,92,1508703261.0,RU
182,kloulklubed,7.04,134.26,5.82,82.35,79,75,1508698200.0,PW
183,kazalinsk,45.85,62.16,3.38,43.05,86,12,1508703261.0,KZ
184,puerto ayora,-0.74,-90.35,8.05,73.4,73,75,1508698800.0,EC
185,bredasdorp,-34.53,20.04,11.99,58.35,98,0,1508703261.0,ZA
186,amderma,69.75,61.65,15.46,32.34,91,92,1508703261.0,RU
187,busselton,-33.65,115.33,11.99,63.21,100,64,1508703261.0,AU
188,mar del plata,-38,-57.56,6.93,55.4,50,0,1508698800.0,AR
189,belmonte,-15.86,-38.88,14.99,78.8,78,20,1508702400.0,BR
190,hobart,-42.88,147.33,9.17,57.2,67,75,1508702400.0,AU
191,puerto ayora,-0.74,-90.35,8.05,73.4,73,75,1508698800.0,EC
192,albany,42.65,-73.76,8.05,73.74,38,75,1508702040.0,US
193,puerto ayora,-0.74,-90.35,8.05,73.4,73,75,1508698800.0,EC
194,rikitea,-23.12,-134.97,15.79,71.4,100,20,1508703254.0,PF
195,puerto ayora,-0.74,-90.35,8.05,73.4,73,75,1508698800.0,EC
196,rikitea,-23.12,-134.97,15.79,71.4,100,20,1508703254.0,PF
197,taoudenni,22.68,-3.98,11.99,81.84,24,92,1508703261.0,ML
198,khatanga,71.97,102.5,1.25,12.72,90,92,1508703257.0,RU
199,yellowknife,62.46,-114.35,9.17,33.8,100,90,1508702400.0,CA
200,bluff,-46.6,168.33,12.33,48.45,100,92,1508703256.0,NZ
201,bluff,-46.6,168.33,12.33,48.45,100,92,1508703256.0,NZ
202,grand river south east,-20.29,57.78,17.22,77,73,40,1508698800.0,MU
203,barrow,71.29,-156.79,18.34,26.6,92,90,1508702280.0,US
204,snyder,32.72,-100.92,4.7,68,24,1,1508702100.0,US
205,barrow,71.29,-156.79,18.34,26.6,92,90,1508702280.0,US
206,albany,42.65,-73.76,8.05,73.74,38,75,1508702040.0,US
207,kirakira,-10.45,161.92,7.74,82.07,100,48,1508703261.0,SB
208,nome,64.5,-165.41,9.17,19.4,79,1,1508701980.0,US
209,cidreira,-30.18,-50.21,16.69,60.69,71,0,1508703254.0,BR
210,amderma,69.75,61.65,15.46,32.34,91,92,1508703261.0,RU
211,busselton,-33.65,115.33,11.99,63.21,100,64,1508703261.0,AU
212,mataura,27.5,77.68,2.37,69.87,46,0,1508703252.0,IN
213,ilulissat,69.22,-51.1,8.05,28.4,68,75,1508701800.0,GL
214,atuona,-9.8,-139.03,11.88,80.45,100,0,1508703257.0,PF
215,hermanus,-34.42,19.23,3.15,49.89,94,0,1508703254.0,ZA
216,mersing,2.43,103.84,5.39,75.45,100,48,1508703262.0,MY
217,carnarvon,-24.87,113.63,15.23,66.36,100,20,1508703251.0,AU
218,bengkulu,-3.8,102.27,5.17,80.22,100,80,1508703259.0,ID
219,rikitea,-23.12,-134.97,15.79,71.4,100,20,1508703254.0,PF
220,faanui,-16.48,-151.75,9.75,80.58,99,20,1508703262.0,PF
221,langxiang,46.95,128.88,1.92,10.07,72,0,1508703262.0,CN
222,tuatapere,-46.13,167.68,5.61,46.29,100,76,1508703262.0,NZ
223,lebu,-37.62,-73.65,10.87,53.4,100,24,1508703262.0,CL
224,illoqqortoormiut,38.53,-28.64,8.05,69.8,94,20,1508702400.0,PT
225,zarand,30.81,56.56,2.59,35.58,49,0,1508703262.0,IR
226,burica,38.75,-9.21,10.29,59.92,62,0,1508702400.0,PT
227,shimoda,34.67,138.95,17.22,69.8,83,75,1508701140.0,JP
228,makakilo city,21.35,-158.09,3.36,80.13,74,90,1508701020.0,US
229,mocuba,-17,37,3.6,73.34,85,20,1508703262.0,MZ
230,georgetown,6.8,-58.16,8.41,85.17,68,0,1508703262.0,GY
231,tessalit,20.2,1.01,6.17,67.04,34,0,1508703262.0,ML
232,butaritari,3.07,172.79,9.86,83.01,100,44,1508703258.0,KI
233,port alfred,-33.59,26.89,6.62,66.36,93,92,1508703255.0,ZA
234,poya,-21.35,165.15,7.4,73.25,100,80,1508703263.0,NC
235,jamestown,42.1,-79.24,8.05,74.61,46,1,1508702160.0,US
236,butaritari,3.07,172.79,9.86,83.01,100,44,1508703258.0,KI
237,bredasdorp,-34.53,20.04,11.99,58.35,98,0,1508703261.0,ZA
238,butaritari,3.07,172.79,9.86,83.01,100,44,1508703258.0,KI
239,shingu,33.73,135.98,35.14,70.64,100,12,1508703263.0,JP
240,san patricio,19.22,-104.7,5.95,89.6,75,40,1508697720.0,MX
241,kodiak,57.79,-152.41,4.7,35.6,69,1,1508701980.0,US
242,mizque,-17.94,-65.34,3.83,59.84,64,92,1508703263.0,BO
243,yar-sale,66.83,70.83,9.64,29.87,95,92,1508703263.0,RU
244,hami,42.8,93.45,2.04,36.48,56,8,1508703258.0,CN
245,upernavik,72.79,-56.15,5.84,26.45,100,12,1508703263.0,GL
246,norman wells,65.28,-126.83,3.36,26.6,86,90,1508702400.0,CA
247,lakselv,70.05,24.97,10.29,26.6,79,0,1508701800.0,NO
248,clyde river,70.47,-68.59,12.75,32,100,90,1508702400.0,CA
249,jamestown,42.1,-79.24,8.05,74.61,46,1,1508702160.0,US
250,avarua,-21.21,-159.78,6.93,78.8,65,75,1508702400.0,CK
251,khatanga,71.97,102.5,1.25,12.72,90,92,1508703257.0,RU
252,taolanaro,-25.02,46.97,24.16,75.2,88,20,1508698800.0,MG
253,firminy,45.39,4.29,5.82,47.39,81,75,1508702400.0,FR
254,bengkulu,-3.8,102.27,5.17,80.22,100,80,1508703259.0,ID
255,punta arenas,-53.15,-70.92,25.28,59,44,75,1508698800.0,CL
256,mataura,27.5,77.68,2.37,69.87,46,0,1508703252.0,IN
257,cape town,-33.93,18.42,16.11,60.8,82,0,1508698800.0,ZA
258,stolbishche,55.65,49.22,3.71,27.44,99,80,1508703264.0,RU
259,kpandu,7,0.29,2.15,75.72,92,32,1508703264.0,GH
260,illoqqortoormiut,38.53,-28.64,8.05,69.8,94,20,1508702400.0,PT
261,luanda,-8.84,13.23,9.17,77,78,75,1508698800.0,AO
262,jamestown,42.1,-79.24,8.05,74.61,46,1,1508702160.0,US
263,butaritari,3.07,172.79,9.86,83.01,100,44,1508703258.0,KI
264,dikson,73.51,80.55,23.51,23.52,100,20,1508703258.0,RU
265,airai,60.62,22.58,1.12,32,99,56,1508701800.0,FI
266,new norfolk,-42.78,147.06,9.17,57.2,67,75,1508702400.0,AU
267,alugan,12.22,125.48,8.3,80.4,100,64,1508703264.0,PH
268,opuwo,-18.06,13.84,6.51,73.02,31,20,1508703264.0,NA
269,souillac,-20.52,57.52,17.22,77,73,40,1508698800.0,MU
270,san rafael,-34.62,-68.33,9.86,73.47,17,0,1508703264.0,AR
271,kahului,20.89,-156.47,3.36,80.51,61,1,1508698560.0,US
272,sauda,59.65,6.35,5.84,37.47,95,76,1508703264.0,NO
273,qaanaaq,77.48,-69.36,7.63,15.2,100,48,1508703253.0,GL
274,salalah,17.02,54.09,3.36,80.6,83,0,1508698200.0,OM
275,nizhneyansk,55.64,51.82,2.82,30.2,80,20,1508700600.0,RU
276,cherskiy,68.75,161.3,6.06,0.39,64,0,1508703256.0,RU
277,tasiilaq,65.61,-37.64,6.93,35.6,69,0,1508701800.0,GL
278,matara,5.95,80.54,8.08,77.7,100,36,1508703264.0,LK
279,moindou,-21.67,165.77,4.7,77,53,0,1508702400.0,NC
280,attawapiskat,52.3,-81.62,20.6,68.79,68,80,1508703264.0,CA
281,sorvag,60.15,24.76,5.82,32,100,0,1508701800.0,FI
282,ancud,-41.87,-73.82,11.21,51.78,82,92,1508703265.0,CL
283,rikitea,-23.12,-134.97,15.79,71.4,100,20,1508703254.0,PF
284,punta arenas,-53.15,-70.92,25.28,59,44,75,1508698800.0,CL
285,east london,-33.02,27.91,11.77,69.02,98,0,1508703255.0,ZA
286,vaini,-21.2,-175.2,9.17,77,65,20,1508702400.0,TO
287,donnacona,46.68,-71.72,6.93,58.1,44,20,1508698800.0,CA
288,constantine,36.37,6.61,2.71,59,82,40,1508700600.0,DZ
289,rikitea,-23.12,-134.97,15.79,71.4,100,20,1508703254.0,PF
290,tiksi,71.69,128.87,2.93,-13.38,61,12,1508703253.0,RU
291,bengkulu,-3.8,102.27,5.17,80.22,100,80,1508703259.0,ID
292,codrington,-38.27,141.97,6.17,55.7,100,92,1508703265.0,AU
293,oranjemund,-28.55,16.43,7.18,58.67,92,36,1508703265.0,NA
294,montepuez,-13.13,39,11.21,79.77,50,0,1508703265.0,MZ
295,hilo,19.73,-155.09,5.82,80.6,74,20,1508698380.0,US
296,hermanus,-34.42,19.23,3.15,49.89,94,0,1508703254.0,ZA
297,amapa,0.04,-51.07,16.11,91.4,52,20,1508702400.0,BR
298,pokosnoye,55.53,101.05,2.82,31.17,86,44,1508703265.0,RU
299,isiro,2.77,27.62,1.7,70.59,96,56,1508703265.0,CD
300,praia da vitoria,38.73,-27.07,22.5,71.6,83,40,1508702400.0,PT
301,qingdao,36.1,120.37,8.95,48.2,70,0,1508698800.0,CN
302,vaini,-21.2,-175.2,9.17,77,65,20,1508702400.0,TO
303,ushuaia,-54.8,-68.3,26.4,59,41,40,1508698800.0,AR
304,hithadhoo,-0.6,73.08,9.42,82.11,100,8,1508703265.0,MV
305,mataura,27.5,77.68,2.37,69.87,46,0,1508703252.0,IN
306,jamestown,42.1,-79.24,8.05,74.61,46,1,1508702160.0,US
307,invermere,50.52,-116.04,3.71,38.19,48,56,1508703265.0,CA
308,cam ranh,11.92,109.16,6.62,75.81,100,92,1508703266.0,VN
309,sterling,39.01,-77.43,10.29,75.31,53,40,1508702160.0,US
310,busselton,-33.65,115.33,11.99,63.21,100,64,1508703261.0,AU
311,afmadu,29.08,48.08,7.29,75.2,23,0,1508702400.0,KW
312,albany,42.65,-73.76,8.05,73.74,38,75,1508702040.0,US
313,nsawam,5.81,-0.35,10.29,80.6,88,75,1508698800.0,GH
314,cape town,-33.93,18.42,16.11,60.8,82,0,1508698800.0,ZA
315,busselton,-33.65,115.33,11.99,63.21,100,64,1508703261.0,AU
316,ahumada,30.62,-106.52,3.71,76.8,19,0,1508703129.0,MX
317,mys shmidta,47.75,38.03,8.63,35.4,97,0,1508703252.0,UA
318,kudahuvadhoo,2.67,72.89,8.41,81.48,100,88,1508703266.0,MV
319,bluff,-46.6,168.33,12.33,48.45,100,92,1508703256.0,NZ
320,moth,25.72,78.95,3.6,71.85,36,0,1508703266.0,IN
321,rikitea,-23.12,-134.97,15.79,71.4,100,20,1508703254.0,PF
322,bredasdorp,-34.53,20.04,11.99,58.35,98,0,1508703261.0,ZA
323,vardo,70.37,31.11,4.7,30.81,79,0,1508701800.0,NO
324,zharkent,44.16,80,4.5,22.17,69,0,1508703266.0,KZ
325,hobart,-42.88,147.33,9.17,57.2,67,75,1508702400.0,AU
326,vila franca do campo,37.72,-25.43,12.75,69.8,88,75,1508702400.0,PT
327,touba,8.28,-7.68,5.84,83.64,51,68,1508703266.0,CI
328,vila velha,-20.33,-40.29,29.97,82.4,69,0,1508698800.0,BR
329,vaini,-21.2,-175.2,9.17,77,65,20,1508702400.0,TO
330,rikitea,-23.12,-134.97,15.79,71.4,100,20,1508703254.0,PF
331,doctor pedro p. pena,-25.33,-57.53,14.99,75.2,36,0,1508698800.0,PY
332,tasiilaq,65.61,-37.64,6.93,35.6,69,0,1508701800.0,GL
333,vaini,-21.2,-175.2,9.17,77,65,20,1508702400.0,TO
334,saint-philippe,-21.36,55.77,4.7,71.73,64,0,1508700600.0,RE
335,caravelas,-17.71,-39.25,19.48,77.52,100,8,1508703252.0,BR
336,belushya guba,69.71,60.05,19.04,34.68,100,80,1508703254.0,RU
337,bredasdorp,-34.53,20.04,11.99,58.35,98,0,1508703261.0,ZA
338,illoqqortoormiut,38.53,-28.64,8.05,69.8,94,20,1508702400.0,PT
339,banjar,-8.19,114.97,4.7,78.8,88,40,1508700600.0,ID
340,mataura,27.5,77.68,2.37,69.87,46,0,1508703252.0,IN
341,mareeba,-17,145.43,6.93,71.6,94,75,1508702400.0,AU
342,aksaray,38.37,34.03,1.14,38.1,78,0,1508703266.0,TR
343,piacabucu,-10.41,-36.43,13,76.85,73,0,1508703267.0,BR
344,lasa,46.62,10.7,6.93,37.83,59,75,1508702100.0,IT
345,tommot,58.96,126.29,5.61,20.24,86,80,1508703267.0,RU
346,tiksi,71.69,128.87,2.93,-13.38,61,12,1508703253.0,RU
347,puerto ayora,-0.74,-90.35,8.05,73.4,73,75,1508698800.0,EC
348,busselton,-33.65,115.33,11.99,63.21,100,64,1508703261.0,AU
349,ahipara,-35.17,173.17,18.48,60.6,97,92,1508703267.0,NZ
350,nakhon pathom,13.82,100.04,6.93,78.8,100,75,1508700600.0,TH
351,bredasdorp,-34.53,20.04,11.99,58.35,98,0,1508703261.0,ZA
352,barrow,71.29,-156.79,18.34,26.6,92,90,1508702280.0,US
353,la ronge,55.1,-105.28,6.93,35.6,93,90,1508698800.0,CA
354,baoding,38.85,115.49,3.71,46.02,90,92,1508703267.0,CN
355,georgetown,6.8,-58.16,8.41,85.17,68,0,1508703262.0,GY
356,avarua,-21.21,-159.78,6.93,78.8,65,75,1508702400.0,CK
357,borogontsy,62.67,131.17,4.72,8.04,81,80,1508703267.0,RU
358,bredasdorp,-34.53,20.04,11.99,58.35,98,0,1508703261.0,ZA
359,sentyabrskiy,60.75,72.86,11.77,26.9,75,20,1508703267.0,RU
360,mataura,27.5,77.68,2.37,69.87,46,0,1508703252.0,IN
361,vaini,-21.2,-175.2,9.17,77,65,20,1508702400.0,TO
362,ushuaia,-54.8,-68.3,26.4,59,41,40,1508698800.0,AR
363,barrow,71.29,-156.79,18.34,26.6,92,90,1508702280.0,US
364,ucluelet,48.93,-125.55,4.7,53.6,87,75,1508702400.0,CA
365,torbay,47.67,-52.73,27.51,37.4,74,90,1508702400.0,CA
366,bethel,41.37,-73.41,9.17,74.52,35,1,1508702160.0,US
367,shkoder,42.07,19.51,1.59,62.6,88,90,1508702400.0,AL
368,macapa,0.04,-51.07,16.11,91.4,52,20,1508702400.0,BR
369,grand-santi,4.25,-54.38,4.5,81.62,80,12,1508703268.0,GF
370,lisakovsk,52.54,62.49,7.18,28.25,89,80,1508703268.0,KZ
371,albany,42.65,-73.76,8.05,73.74,38,75,1508702040.0,US
372,doctor pedro p. pena,-25.33,-57.53,14.99,75.2,36,0,1508698800.0,PY
373,ribeira grande,38.52,-28.7,8.05,69.8,94,20,1508702400.0,PT
374,noshiro,40.2,140.02,34.02,54.44,100,100,1508703268.0,JP
375,sitka,57.05,-135.33,16.11,45.91,66,90,1508702160.0,US
376,xai-xai,-25.05,33.64,12.21,73.07,99,20,1508703268.0,MZ
377,tartagal,-22.52,-63.8,7.74,66.18,63,48,1508703268.0,AR
378,livingstone,-17.84,25.85,4.94,74.55,47,20,1508703268.0,ZM
379,bolsheustikinskoye,55.98,58.65,2.59,24.6,81,76,1508703268.0,RU
380,lokoja,7.8,6.74,3.94,76.4,87,24,1508703268.0,NG
381,taolanaro,-25.02,46.97,24.16,75.2,88,20,1508698800.0,MG
382,punta arenas,-53.15,-70.92,25.28,59,44,75,1508698800.0,CL
383,hofn,64.25,-15.21,17.13,48.18,95,92,1508703252.0,IS
384,jamestown,42.1,-79.24,8.05,74.61,46,1,1508702160.0,US
385,punta arenas,-53.15,-70.92,25.28,59,44,75,1508698800.0,CL
386,tuktoyaktuk,69.45,-133.04,9.17,26.6,100,90,1508702400.0,CA
387,kapaa,22.08,-159.32,3.15,78.42,88,75,1508698560.0,US
388,ushuaia,-54.8,-68.3,26.4,59,41,40,1508698800.0,AR
389,richards bay,-28.78,32.04,10.76,75.45,73,20,1508703268.0,ZA
390,melita,49.27,-101,19.04,52.55,60,92,1508703269.0,CA
391,leo,11.1,-2.1,7.63,81.03,38,8,1508703269.0,BF
392,tuktoyaktuk,69.45,-133.04,9.17,26.6,100,90,1508702400.0,CA
393,nalut,31.87,10.98,3.71,57.27,86,0,1508703269.0,LY
394,eyl,7.98,49.82,6.62,74.42,99,12,1508703269.0,SO
395,faanui,-16.48,-151.75,9.75,80.58,99,20,1508703262.0,PF
396,chaplynka,46.37,33.54,11.99,45.21,96,24,1508703269.0,UA
397,mys shmidta,47.75,38.03,8.63,35.4,97,0,1508703252.0,UA
398,port alfred,-33.59,26.89,6.62,66.36,93,92,1508703255.0,ZA
399,baraki barak,33.97,68.95,2.24,51.8,34,0,1508698200.0,AF
400,saint anthony,45.02,-93.22,10.29,62.24,27,5,1508702400.0,US
401,ushuaia,-54.8,-68.3,26.4,59,41,40,1508698800.0,AR
402,honolulu,21.31,-157.86,3.36,80.13,74,90,1508701020.0,US
403,mar del plata,-38,-57.56,6.93,55.4,50,0,1508698800.0,AR
404,karaton,46.44,53.49,6.62,51.15,97,64,1508703269.0,KZ
405,atambua,-9.11,124.89,5.95,75.27,100,12,1508703269.0,ID
406,griffith,41.53,-87.42,19.46,68.85,77,90,1508701380.0,US
407,atuona,-9.8,-139.03,11.88,80.45,100,0,1508703257.0,PF
408,port alfred,-33.59,26.89,6.62,66.36,93,92,1508703255.0,ZA
409,ushuaia,-54.8,-68.3,26.4,59,41,40,1508698800.0,AR
410,arraial do cabo,-22.97,-42.03,3.36,82.35,62,75,1508698800.0,BR
411,airai,60.62,22.58,1.12,32,99,56,1508701800.0,FI
412,castro,-24.79,-50.01,4.16,65.19,88,100,1508703256.0,BR
413,sao jose da tapera,-9.56,-37.38,14.45,80.13,49,0,1508703269.0,BR
414,wronki,52.71,16.38,2.24,42.8,100,64,1508702400.0,PL
415,bouna,9.27,-3,4.72,81.12,69,44,1508703269.0,CI
416,neuquen,-38.95,-68.06,10.29,77,50,0,1508698800.0,AR
417,okhotsk,59.38,143.3,15.79,33.78,96,92,1508703000.0,RU
418,zhigansk,66.77,123.37,8.97,16.05,83,80,1508703269.0,RU
419,cosamaloapan,18.37,-95.8,10.31,86.34,83,0,1508703269.0,MX
420,norman wells,65.28,-126.83,3.36,26.6,86,90,1508702400.0,CA
421,arraial do cabo,-22.97,-42.03,3.36,82.35,62,75,1508698800.0,BR
422,norman wells,65.28,-126.83,3.36,26.6,86,90,1508702400.0,CA
423,cabo san lucas,22.89,-109.91,10.29,89.06,55,5,1508697840.0,MX
424,choix,26.71,-108.32,2.04,96.78,17,0,1508703270.0,MX
425,harper,4.38,-7.72,8.63,79.82,100,92,1508703270.0,LR
426,kapaa,22.08,-159.32,3.15,78.42,88,75,1508698560.0,US
427,la ronge,55.1,-105.28,6.93,35.6,93,90,1508698800.0,CA
428,rikitea,-23.12,-134.97,15.79,71.4,100,20,1508703254.0,PF
429,port alfred,-33.59,26.89,6.62,66.36,93,92,1508703255.0,ZA
430,kijang,35.24,129.21,8.05,55.4,62,0,1508698800.0,KR
431,rikitea,-23.12,-134.97,15.79,71.4,100,20,1508703254.0,PF
432,rikitea,-23.12,-134.97,15.79,71.4,100,20,1508703254.0,PF
433,upernavik,72.79,-56.15,5.84,26.45,100,12,1508703263.0,GL
434,ushuaia,-54.8,-68.3,26.4,59,41,40,1508698800.0,AR
435,georgetown,6.8,-58.16,8.41,85.17,68,0,1508703262.0,GY
436,nanortalik,60.14,-45.24,1.59,33.24,95,64,1508703270.0,GL
437,ponnani,10.77,75.93,4.7,75.2,100,20,1508702400.0,IN
438,bad laasphe,50.93,8.4,5.82,45.32,87,75,1508700000.0,DE
439,mar del plata,-38,-57.56,6.93,55.4,50,0,1508698800.0,AR
440,tucuman,-26.82,-65.22,14.99,75.2,25,75,1508698800.0,AR
441,khatanga,71.97,102.5,1.25,12.72,90,92,1508703257.0,RU
442,faanui,-16.48,-151.75,9.75,80.58,99,20,1508703262.0,PF
443,mataura,27.5,77.68,2.37,69.87,46,0,1508703252.0,IN
444,laguna,38.42,-121.42,11.41,68.32,40,1,1508700900.0,US
445,rikitea,-23.12,-134.97,15.79,71.4,100,20,1508703254.0,PF
446,saskylakh,71.92,114.08,8.97,-5.82,56,56,1508703270.0,RU
447,port alfred,-33.59,26.89,6.62,66.36,93,92,1508703255.0,ZA
448,safford,32.83,-109.71,4.16,80.6,8,1,1508701860.0,US
449,hobart,-42.88,147.33,9.17,57.2,67,75,1508702400.0,AU
450,ust-kamchatsk,56.23,162.48,10.65,35,100,92,1508703270.0,RU
451,hobart,-42.88,147.33,9.17,57.2,67,75,1508702400.0,AU
452,bluff,-46.6,168.33,12.33,48.45,100,92,1508703256.0,NZ
453,vaini,-21.2,-175.2,9.17,77,65,20,1508702400.0,TO
454,ponta do sol,32.67,-17.1,12.75,69.8,68,40,1508702400.0,PT
455,cape town,-33.93,18.42,16.11,60.8,82,0,1508698800.0,ZA
456,formosa,-26.18,-58.18,13.67,66.72,67,0,1508703271.0,AR
457,nizhneyansk,55.64,51.82,2.82,30.2,80,20,1508700600.0,RU
458,saskylakh,71.92,114.08,8.97,-5.82,56,56,1508703270.0,RU
459,cherskiy,68.75,161.3,6.06,0.39,64,0,1508703256.0,RU
460,houma,29.6,-90.72,14.99,69.24,60,90,1508700900.0,US
461,mahebourg,-20.41,57.7,17.22,77,73,40,1508698800.0,MU
462,kavieng,-2.57,150.8,6.96,84.36,100,8,1508703258.0,PG
463,port alfred,-33.59,26.89,6.62,66.36,93,92,1508703255.0,ZA
464,samusu,41.43,128.03,1.92,18.48,75,36,1508703271.0,CN
465,albany,42.65,-73.76,8.05,73.74,38,75,1508702040.0,US
466,georgetown,6.8,-58.16,8.41,85.17,68,0,1508703262.0,GY
467,ushuaia,-54.8,-68.3,26.4,59,41,40,1508698800.0,AR
468,kaitangata,-46.23,169.75,4.83,48.5,75,20,1508703122.0,NZ
469,port lincoln,-34.73,135.87,7.74,54.8,100,64,1508703065.0,AU
470,hobart,-42.88,147.33,9.17,57.2,67,75,1508702400.0,AU
471,lorengau,-2.02,147.27,4.38,82.4,83,90,1508702400.0,PG
472,butaritari,3.07,172.79,9.86,83.01,100,44,1508703258.0,KI
473,muromtsevo,56.37,75.24,10.42,26.72,73,24,1508703111.0,RU
474,arrifes,37.77,-25.7,12.75,69.8,88,75,1508702400.0,PT
475,dikson,73.51,80.55,23.51,23.52,100,20,1508703258.0,RU
476,hihya,30.67,31.59,10.29,73.4,60,0,1508700600.0,EG
477,lompoc,34.64,-120.46,14.99,78.75,31,1,1508702160.0,US
478,hilo,19.73,-155.09,5.82,80.6,74,20,1508698380.0,US
479,lima,-12.04,-77.03,2.59,67.89,70,8,1508703209.0,PE
480,shingu,33.73,135.98,35.14,70.64,100,12,1508703263.0,JP
481,kapaa,22.08,-159.32,3.15,78.42,88,75,1508698560.0,US
482,rio grande,-32.03,-52.1,17.22,68,42,40,1508698800.0,BR
483,punta arenas,-53.15,-70.92,25.28,59,44,75,1508698800.0,CL
484,mataura,27.5,77.68,2.37,69.87,46,0,1508703252.0,IN
485,bredasdorp,-34.53,20.04,11.99,58.35,98,0,1508703261.0,ZA
486,jamestown,42.1,-79.24,8.05,74.61,46,1,1508702160.0,US
487,usinsk,65.99,57.53,5.84,26.58,93,80,1508703271.0,RU
488,bengkulu,-3.8,102.27,5.17,80.22,100,80,1508703259.0,ID
489,nguiu,-12.38,130.85,5.82,80.6,88,20,1508702400.0,AU
490,korla,41.76,86.15,2.82,32.79,77,24,1508703271.0,CN
491,ushuaia,-54.8,-68.3,26.4,59,41,40,1508698800.0,AR
492,hobart,-42.88,147.33,9.17,57.2,67,75,1508702400.0,AU
493,lodwar,3.12,35.6,3.38,66.81,88,0,1508703272.0,KE
494,taolanaro,-25.02,46.97,24.16,75.2,88,20,1508698800.0,MG
495,thompson,55.74,-97.86,12.75,33.8,100,90,1508702400.0,CA
496,oktyabrskiy,54.48,53.47,3.38,18.93,81,48,1508703272.0,RU
497,busselton,-33.65,115.33,11.99,63.21,100,64,1508703261.0,AU
498,araouane,18.9,-3.53,8.3,73.7,26,0,1508703272.0,ML
499,lakhimpur,27.95,80.77,2.93,63.17,75,0,1508703272.0,IN
500,mataura,27.5,77.68,2.37,69.87,46,0,1508703252.0,IN
501,hobart,-42.88,147.33,9.17,57.2,67,75,1508702400.0,AU
502,santa isabel do rio negro,-0.41,-65.02,3.38,83.64,78,36,1508703272.0,BR
503,broadstairs,51.36,1.44,9.17,50.9,71,0,1508701800.0,GB
504,broken hill,-31.95,141.43,8.41,51.42,90,0,1508703272.0,AU
505,hobart,-42.88,147.33,9.17,57.2,67,75,1508702400.0,AU
506,castro,-24.79,-50.01,4.16,65.19,88,100,1508703256.0,BR
507,marsa matruh,31.35,27.25,6.93,71.6,64,20,1508698800.0,EG
508,tamiahua,21.27,-97.45,5.39,84.32,82,12,1508703272.0,MX
509,rikitea,-23.12,-134.97,15.79,71.4,100,20,1508703254.0,PF
510,arraial do cabo,-22.97,-42.03,3.36,82.35,62,75,1508698800.0,BR
511,illoqqortoormiut,38.53,-28.64,8.05,69.8,94,20,1508702400.0,PT
512,busselton,-33.65,115.33,11.99,63.21,100,64,1508703261.0,AU
513,kamenskoye,48.51,34.6,8.95,35.6,93,0,1508700600.0,UA
514,celendin,-6.87,-78.15,3.36,60.8,82,75,1508700600.0,PE
515,mataura,27.5,77.68,2.37,69.87,46,0,1508703252.0,IN
516,richards bay,-28.78,32.04,10.76,75.45,73,20,1508703268.0,ZA
517,kapaa,22.08,-159.32,3.15,78.42,88,75,1508698560.0,US
518,bredasdorp,-34.53,20.04,11.99,58.35,98,0,1508703261.0,ZA
519,upernavik,72.79,-56.15,5.84,26.45,100,12,1508703263.0,GL
520,punta arenas,-53.15,-70.92,25.28,59,44,75,1508698800.0,CL
521,albany,42.65,-73.76,8.05,73.74,38,75,1508702040.0,US
522,tuktoyaktuk,69.45,-133.04,9.17,26.6,100,90,1508702400.0,CA
523,eydhafushi,5.1,73.07,10.98,83.42,98,92,1508703273.0,MV
524,hobart,-42.88,147.33,9.17,57.2,67,75,1508702400.0,AU
525,yellowknife,62.46,-114.35,9.17,33.8,100,90,1508702400.0,CA
526,sunrise manor,36.21,-115.07,3.36,76.01,11,1,1508702160.0,US
527,kichera,55.94,110.1,3.6,20.87,92,20,1508703273.0,RU
528,saint-philippe,-21.36,55.77,4.7,71.73,64,0,1508700600.0,RE
529,chiang klang,19.29,100.86,2.26,71.09,97,92,1508703273.0,TH
530,westport,41.14,-73.36,9.17,72.68,35,1,1508702160.0,US
531,ushuaia,-54.8,-68.3,26.4,59,41,40,1508698800.0,AR
532,carnarvon,-24.87,113.63,15.23,66.36,100,20,1508703251.0,AU
533,airai,60.62,22.58,1.12,32,99,56,1508701800.0,FI
534,geraldton,-28.77,114.6,9.17,66.2,82,90,1508702400.0,AU
535,busselton,-33.65,115.33,11.99,63.21,100,64,1508703261.0,AU
536,progreso,21.28,-89.67,18.34,82.4,83,90,1508697660.0,MX
537,lamar,38.09,-102.62,14.99,69.8,13,1,1508698380.0,US
538,geraldton,-28.77,114.6,9.17,66.2,82,90,1508702400.0,AU
539,evans,33.53,-82.13,5.82,74.97,94,90,1508702100.0,US
540,huarmey,-10.07,-78.15,3.94,74.19,52,0,1508703274.0,PE
541,sentyabrskiy,60.75,72.86,11.77,26.9,75,20,1508703267.0,RU
542,puerto carreno,6.19,-67.49,4.7,89.6,59,40,1508698800.0,CO
543,san cristobal,7.77,-72.22,23.04,87.8,45,40,1508698800.0,VE
544,salinopolis,-0.61,-47.36,19.37,83.28,87,0,1508703274.0,BR
545,ushuaia,-54.8,-68.3,26.4,59,41,40,1508698800.0,AR
546,saskylakh,71.92,114.08,8.97,-5.82,56,56,1508703270.0,RU
547,kapaa,22.08,-159.32,3.15,78.42,88,75,1508698560.0,US
548,bemidji,47.47,-94.88,16.11,60.31,33,1,1508700840.0,US
549,arraial do cabo,-22.97,-42.03,3.36,82.35,62,75,1508698800.0,BR
550,bandarbeyla,9.49,50.81,2.04,78.51,100,12,1508703274.0,SO
551,taolanaro,-25.02,46.97,24.16,75.2,88,20,1508698800.0,MG
552,bridlington,54.08,-0.19,12.75,50,76,44,1508701800.0,GB
553,abu dhabi,24.47,54.37,2.24,86.95,55,0,1508698800.0,AE
554,cherskiy,68.75,161.3,6.06,0.39,64,0,1508703256.0,RU
555,ushuaia,-54.8,-68.3,26.4,59,41,40,1508698800.0,AR
556,ushuaia,-54.8,-68.3,26.4,59,41,40,1508698800.0,AR
557,busselton,-33.65,115.33,11.99,63.21,100,64,1508703261.0,AU
558,fevralsk,52.47,130.72,3.49,8.9,70,0,1508703275.0,RU
559,genhe,50.78,121.52,5.95,13.04,65,0,1508703275.0,CN
560,mahebourg,-20.41,57.7,17.22,77,73,40,1508698800.0,MU
561,belushya guba,69.71,60.05,19.04,34.68,100,80,1508703254.0,RU
562,calabozo,8.92,-67.43,12.66,95.57,38,0,1508703275.0,VE
563,atuona,-9.8,-139.03,11.88,80.45,100,0,1508703257.0,PF
564,attawapiskat,52.3,-81.62,20.6,68.79,68,80,1508703264.0,CA
565,ushuaia,-54.8,-68.3,26.4,59,41,40,1508698800.0,AR
566,victoria,48.43,-123.37,4.7,57.52,76,75,1508702400.0,CA
567,coos bay,43.37,-124.22,8.05,60.8,87,90,1508702160.0,US
568,rikitea,-23.12,-134.97,15.79,71.4,100,20,1508703254.0,PF
569,hobart,-42.88,147.33,9.17,57.2,67,75,1508702400.0,AU
570,laguna,38.42,-121.42,11.41,68.32,40,1,1508700900.0,US
571,kavaratti,10.57,72.64,6.17,80.72,100,0,1508703275.0,IN
572,ankang,32.68,109.02,2.71,50.52,86,92,1508703275.0,CN
573,barrow,71.29,-156.79,18.34,26.6,92,90,1508702280.0,US
574,yar-sale,66.83,70.83,9.64,29.87,95,92,1508703263.0,RU
575,abu dhabi,24.47,54.37,2.24,86.95,55,0,1508698800.0,AE
576,bam,29.11,58.36,4.16,48.59,28,0,1508703023.0,IR
577,acapulco,16.86,-99.89,4.7,86,79,90,1508697720.0,MX
578,mataura,27.5,77.68,2.37,69.87,46,0,1508703252.0,IN
579,araouane,18.9,-3.53,8.3,73.7,26,0,1508703272.0,ML
580,arraial do cabo,-22.97,-42.03,3.36,82.35,62,75,1508698800.0,BR
581,saskylakh,71.92,114.08,8.97,-5.82,56,56,1508703270.0,RU
582,rostovka,55.38,71.89,8.75,26.9,72,48,1508703276.0,RU
583,tumannyy,69.16,35.15,7.63,36.3,88,88,1508703015.0,RU
584,ribeira grande,38.52,-28.7,8.05,69.8,94,20,1508702400.0,PT
585,hithadhoo,-0.6,73.08,9.42,82.11,100,8,1508703265.0,MV
586,jamestown,42.1,-79.24,8.05,74.61,46,1,1508702160.0,US
587,portland,45.52,-122.68,13.87,61.11,82,90,1508702160.0,US
588,punta arenas,-53.15,-70.92,25.28,59,44,75,1508698800.0,CL
589,svetlyy,54.67,20.13,8.95,42.8,100,90,1508700600.0,RU
590,pestravka,52.41,49.96,8.3,32.57,96,88,1508703276.0,RU
591,asau,46.43,26.4,1.92,53.6,93,75,1508702400.0,RO
592,vaini,-21.2,-175.2,9.17,77,65,20,1508702400.0,TO
593,ciras,24.57,73.69,5.61,65.64,44,0,1508702996.0,IN
594,cairns,-16.92,145.77,6.93,71.6,94,75,1508702400.0,AU
595,amderma,69.75,61.65,15.46,32.34,91,92,1508703261.0,RU
596,kargil,34.57,76.1,1.36,6.69,82,44,1508703276.0,IN
597,walvis bay,-22.96,14.51,5.82,57.2,76,0,1508698800.0,NA
598,marstal,54.86,10.52,4.7,50,100,64,1508701800.0,DK
599,taihe,30.87,105.38,5.17,56.73,100,92,1508703276.0,CN
600,arraial do cabo,-22.97,-42.03,3.36,82.35,62,75,1508698800.0,BR
601,mataura,27.5,77.68,2.37,69.87,46,0,1508703252.0,IN
602,rikitea,-23.12,-134.97,15.79,71.4,100,20,1508703254.0,PF
603,bluff,-46.6,168.33,12.33,48.45,100,92,1508703256.0,NZ
604,zuenoula,7.43,-6.04,8.75,79.82,76,8,1508703277.0,CI
605,bengkulu,-3.8,102.27,5.17,80.22,100,80,1508703259.0,ID
606,tamandare,-8.76,-35.1,8.75,75.95,81,0,1508703277.0,BR
607,butaritari,3.07,172.79,9.86,83.01,100,44,1508703258.0,KI
608,taolanaro,-25.02,46.97,24.16,75.2,88,20,1508698800.0,MG
609,mar del plata,-38,-57.56,6.93,55.4,50,0,1508698800.0,AR
610,amderma,69.75,61.65,15.46,32.34,91,92,1508703261.0,RU
611,albany,42.65,-73.76,8.05,73.74,38,75,1508702040.0,US
612,bilibino,68.05,166.44,2.37,3.32,80,36,1508703277.0,RU
613,tuatapere,-46.13,167.68,5.61,46.29,100,76,1508703262.0,NZ
614,lucea,18.45,-78.17,26.4,89.6,62,20,1508698800.0,JM
615,olinda,-8.01,-34.86,11.41,78.8,65,40,1508702400.0,BR
616,ribeira grande,38.52,-28.7,8.05,69.8,94,20,1508702400.0,PT
617,tasiilaq,65.61,-37.64,6.93,35.6,69,0,1508701800.0,GL
618,montepuez,-13.13,39,11.21,79.77,50,0,1508703265.0,MZ
619,umzimvubu,-30.55,29.42,1.59,55.11,87,12,1508703277.0,ZA
620,hobart,-42.88,147.33,9.17,57.2,67,75,1508702400.0,AU
621,sistranda,63.73,8.83,17.22,46.4,65,0,1508701800.0,NO
622,attawapiskat,52.3,-81.62,20.6,68.79,68,80,1508703264.0,CA
623,punta arenas,-53.15,-70.92,25.28,59,44,75,1508698800.0,CL
624,save,8.04,2.49,7.07,80,75,56,1508703277.0,BJ
625,sioux lookout,50.1,-91.92,16.11,50,66,75,1508698800.0,CA
626,taolanaro,-25.02,46.97,24.16,75.2,88,20,1508698800.0,MG
627,naze,28.37,129.48,24.07,77.75,100,56,1508703277.0,JP
628,nouadhibou,20.93,-17.03,13.87,77,53,0,1508702400.0,MR
629,vaxjo,56.88,14.81,6.93,48.2,93,90,1508701800.0,SE
630,mar del plata,-38,-57.56,6.93,55.4,50,0,1508698800.0,AR
631,port elizabeth,-33.92,25.57,8.05,66.2,88,75,1508698800.0,ZA
632,dikson,73.51,80.55,23.51,23.52,100,20,1508703258.0,RU
633,san juan del sur,11.25,-85.87,9.31,87.8,66,40,1508698800.0,NI
634,bredasdorp,-34.53,20.04,11.99,58.35,98,0,1508703261.0,ZA
635,toliary,-23.35,43.67,9.75,81.12,65,0,1508703278.0,MG
636,port hardy,50.7,-127.42,9.17,51.8,81,90,1508702400.0,CA
637,dingle,11,122.67,5.17,74.87,97,48,1508703278.0,PH
638,saint george,37.1,-113.58,3.27,68,14,1,1508702160.0,US
639,guerrero negro,27.98,-114.06,4.27,89,37,0,1508703255.0,MX
640,mar del plata,-38,-57.56,6.93,55.4,50,0,1508698800.0,AR
641,alamosa,37.47,-105.87,24.16,48.24,36,1,1508700600.0,US
642,hambantota,6.12,81.12,12.44,79.82,100,12,1508703278.0,LK
643,provideniya,64.38,-173.3,17.36,30.77,100,8,1508703253.0,RU
644,tuktoyaktuk,69.45,-133.04,9.17,26.6,100,90,1508702400.0,CA
645,ahipara,-35.17,173.17,18.48,60.6,97,92,1508703267.0,NZ
646,rikitea,-23.12,-134.97,15.79,71.4,100,20,1508703254.0,PF
647,saskylakh,71.92,114.08,8.97,-5.82,56,56,1508703270.0,RU
648,hurup,56.75,8.42,3.36,44.6,93,20,1508701800.0,DK
649,te anau,-45.42,167.72,3.38,44.72,83,80,1508703278.0,NZ
650,warmbad,-28.45,18.73,6.62,61.68,59,0,1508703278.0,NA
651,sept-iles,50.2,-66.38,6.93,37.4,55,75,1508698800.0,CA
652,taolanaro,-25.02,46.97,24.16,75.2,88,20,1508698800.0,MG
653,sydney mines,46.24,-60.22,14.99,42.8,56,40,1508702400.0,CA
654,castro,-24.79,-50.01,4.16,65.19,88,100,1508703256.0,BR
655,illoqqortoormiut,38.53,-28.64,8.05,69.8,94,20,1508702400.0,PT
656,busselton,-33.65,115.33,11.99,63.21,100,64,1508703261.0,AU
657,guerrero negro,27.98,-114.06,4.27,89,37,0,1508703255.0,MX
658,kargopol,61.51,38.95,3.15,29.42,94,88,1508703278.0,RU
659,taolanaro,-25.02,46.97,24.16,75.2,88,20,1508698800.0,MG
660,rio brilhante,-21.8,-54.55,4.38,67.94,100,92,1508703278.0,BR
661,san quintin,30.48,-115.95,3.15,82.38,29,0,1508703278.0,MX
662,kahului,20.89,-156.47,3.36,80.51,61,1,1508698560.0,US
663,carnarvon,-24.87,113.63,15.23,66.36,100,20,1508703251.0,AU
664,mount isa,-20.73,139.5,6.93,53.6,39,0,1508702400.0,AU
665,valdivia,-39.81,-73.25,8.05,68,37,0,1508698800.0,CL
666,kijang,35.24,129.21,8.05,55.4,62,0,1508698800.0,KR
667,belyye berega,53.21,34.66,4.16,17.85,62,0,1508703279.0,RU
668,tilichiki,60.47,166.1,2.93,-7.49,77,0,1508703279.0,RU
669,tasiilaq,65.61,-37.64,6.93,35.6,69,0,1508701800.0,GL
670,sitka,57.05,-135.33,16.11,45.91,66,90,1508702160.0,US
671,deputatskiy,69.3,139.9,2.93,-11.4,70,56,1508703279.0,RU
672,saskylakh,71.92,114.08,8.97,-5.82,56,56,1508703270.0,RU
673,qaanaaq,77.48,-69.36,7.63,15.2,100,48,1508703253.0,GL
674,jamestown,42.1,-79.24,8.05,74.61,46,1,1508702160.0,US
675,jamestown,42.1,-79.24,8.05,74.61,46,1,1508702160.0,US
676,georgetown,6.8,-58.16,8.41,85.17,68,0,1508703262.0,GY
677,jaisalmer,26.91,70.92,8.08,68.07,45,0,1508703279.0,IN
678,arraial do cabo,-22.97,-42.03,3.36,82.35,62,75,1508698800.0,BR
679,hasaki,35.73,140.83,35.57,70.72,100,75,1508701140.0,JP
680,ponta do sol,32.67,-17.1,12.75,69.8,68,40,1508702400.0,PT
681,lebu,-37.62,-73.65,10.87,53.4,100,24,1508703262.0,CL
682,illoqqortoormiut,38.53,-28.64,8.05,69.8,94,20,1508702400.0,PT
683,nantucket,41.28,-70.1,4.7,68.72,68,1,1508700900.0,US
684,ban tak,17.04,99.08,2.48,71.67,98,44,1508703279.0,TH
685,albany,42.65,-73.76,8.05,73.74,38,75,1508702040.0,US
686,tsihombe,-25.3,45.48,11.54,72.66,85,8,1508703279.0,MG
687,cimarron hills,38.86,-104.7,3.36,63.73,17,1,1508700900.0,US
688,aranos,-24.13,19.12,4.38,68.52,27,80,1508703279.0,NA
689,saint-augustin,51.23,-58.65,16.58,36.48,100,0,1508703279.0,CA
690,jamestown,42.1,-79.24,8.05,74.61,46,1,1508702160.0,US
691,otradnoye,59.78,30.82,6.71,35.6,74,40,1508700600.0,RU
692,lolua,60.21,24.65,5.82,32,100,0,1508701800.0,FI
693,porto novo,17.02,-25.06,13.87,78.8,74,20,1508702400.0,CV
694,ushuaia,-54.8,-68.3,26.4,59,41,40,1508698800.0,AR
695,bulgan,48.81,103.53,2.59,22.22,62,20,1508703279.0,MN
696,ushuaia,-54.8,-68.3,26.4,59,41,40,1508698800.0,AR
697,taolanaro,-25.02,46.97,24.16,75.2,88,20,1508698800.0,MG
698,oudtshoorn,-33.59,22.2,3.36,59,100,0,1508698800.0,ZA
699,kapaa,22.08,-159.32,3.15,78.42,88,75,1508698560.0,US
700,nikolskoye,59.68,30.67,6.71,35.6,74,40,1508700600.0,RU
701,chardara,41.08,25.7,9.17,57.2,87,0,1508700000.0,GR
702,saint-philippe,-21.36,55.77,4.7,71.73,64,0,1508700600.0,RE
703,novikovo,56.29,28.5,2.71,19.83,75,12,1508703280.0,RU
704,punta arenas,-53.15,-70.92,25.28,59,44,75,1508698800.0,CL
705,avarua,-21.21,-159.78,6.93,78.8,65,75,1508702400.0,CK
706,rikitea,-23.12,-134.97,15.79,71.4,100,20,1508703254.0,PF
707,mataura,27.5,77.68,2.37,69.87,46,0,1508703252.0,IN
708,upernavik,72.79,-56.15,5.84,26.45,100,12,1508703263.0,GL
709,lavrentiya,65.58,-171,13.67,29.1,100,88,1508703280.0,RU
710,sola,-13.88,167.55,11.54,79.19,100,92,1508703280.0,VU
711,barawe,24.2,83.03,3.38,69.65,69,8,1508703280.0,IN
712,elat,2.9,11.15,2.04,67.26,99,64,1508703280.0,CM
713,new norfolk,-42.78,147.06,9.17,57.2,67,75,1508702400.0,AU
714,atuona,-9.8,-139.03,11.88,80.45,100,0,1508703257.0,PF
715,drovyanaya,51.58,113.03,2.24,17.6,92,20,1508700600.0,RU
716,bredasdorp,-34.53,20.04,11.99,58.35,98,0,1508703261.0,ZA
717,itzehoe,53.92,9.52,8.05,50,93,40,1508701800.0,DE
718,souillac,-20.52,57.52,17.22,77,73,40,1508698800.0,MU
719,lagoa,39.05,-27.98,24.18,71.76,95,32,1508703258.0,PT
720,flinders,-34.58,150.86,5.82,48.2,93,0,1508698800.0,AU
721,shingu,33.73,135.98,35.14,70.64,100,12,1508703263.0,JP
722,voyvozh,62.89,54.96,5.73,24.15,83,80,1508703280.0,RU
723,hatta,24.12,79.6,3.38,75.36,61,44,1508703281.0,IN
724,longyearbyen,78.22,15.64,13.87,44.6,70,75,1508701800.0,SJ
725,kodiak,57.79,-152.41,4.7,35.6,69,1,1508701980.0,US
726,ponta do sol,32.67,-17.1,12.75,69.8,68,40,1508702400.0,PT
727,sitka,57.05,-135.33,16.11,45.91,66,90,1508702160.0,US
728,rikitea,-23.12,-134.97,15.79,71.4,100,20,1508703254.0,PF
729,cape town,-33.93,18.42,16.11,60.8,82,0,1508698800.0,ZA
730,puerto carreno,6.19,-67.49,4.7,89.6,59,40,1508698800.0,CO
731,illoqqortoormiut,38.53,-28.64,8.05,69.8,94,20,1508702400.0,PT
732,amderma,69.75,61.65,15.46,32.34,91,92,1508703261.0,RU
733,fort saint john,56.25,-120.85,20.8,46.4,61,75,1508702400.0,CA
734,jalu,29.03,21.55,7.96,67.85,45,0,1508703281.0,LY
735,jamestown,42.1,-79.24,8.05,74.61,46,1,1508702160.0,US
736,mataura,27.5,77.68,2.37,69.87,46,0,1508703252.0,IN
737,segovia,40.95,-4.12,3.36,55.4,66,0,1508702400.0,ES
738,castro,-24.79,-50.01,4.16,65.19,88,100,1508703256.0,BR
739,ushuaia,-54.8,-68.3,26.4,59,41,40,1508698800.0,AR
740,cookeville,36.16,-85.5,16.11,75.15,53,75,1508702100.0,US
741,broome,-17.97,122.23,4.7,78.8,88,0,1508702400.0,AU
742,vanavara,60.34,102.28,3.04,30.36,95,92,1508703281.0,RU
743,sorgun,39.81,35.19,2.59,38.01,68,0,1508703281.0,TR
744,ahuimanu,21.44,-157.84,3.36,80.15,74,90,1508701020.0,US
745,rikitea,-23.12,-134.97,15.79,71.4,100,20,1508703254.0,PF
746,mataura,27.5,77.68,2.37,69.87,46,0,1508703252.0,IN
747,hermanus,-34.42,19.23,3.15,49.89,94,0,1508703254.0,ZA
748,changji,44.02,87.32,6.71,46.4,61,0,1508700600.0,CN
